URL,Version,Status,OIDs,Name,Title,Description,Used
http://hl7.org/fhir/CodeSystem/medication-statement-status,5.0.0,active,,MedicationStatementStatusCodes,MedicationStatement Status Codes,"MedicationStatement Status Codes","ValueSet/medication-statement-status"
http://hl7.org/fhir/CodeSystem/medication-status,5.0.0,active,,MedicationStatusCodes,Medication Status Codes,"Medication Status Codes","ValueSet/medication-status"
http://hl7.org/fhir/CodeSystem/medicationrequest-intent,5.0.0,active,,MedicationRequestIntentCodes,MedicationRequest Intent Codes,"MedicationRequest Intent Codes","ValueSet/medicationrequest-intent"
http://hl7.org/fhir/CodeSystem/medicationrequest-status,5.0.0,active,,MedicationRequestStatusCodes,MedicationRequest Status Codes,"MedicationRequest Status Codes","ValueSet/medicationrequest-status"
http://hl7.org/fhir/administrative-gender,5.0.0,active,,AdministrativeGender,AdministrativeGender,"The gender of a person used for administrative purposes.","ValueSet/administrative-gender"
http://hl7.org/fhir/allergy-intolerance-category,5.0.0,active,,AllergyIntoleranceCategory,Allergy Intolerance Category,"Category of an identified substance associated with allergies or intolerances.","ValueSet/allergy-intolerance-category"
http://hl7.org/fhir/allergy-intolerance-criticality,5.0.0,active,,AllergyIntoleranceCriticality,Allergy Intolerance Criticality,"Estimate of the potential clinical harm, or seriousness, of a reaction to an identified substance.","ValueSet/allergy-intolerance-criticality"
http://hl7.org/fhir/allergy-intolerance-type,5.0.0,active,,AllergyIntoleranceType,Allergy Intolerance Type,"Identification of the underlying physiological mechanism for a Reaction Risk.","ValueSet/allergy-intolerance-type"
http://hl7.org/fhir/bundle-type,5.0.0,active,,BundleType,Bundle Type,"Indicates the purpose of a bundle - how it is intended to be used.","ValueSet/bundle-type"
http://hl7.org/fhir/composition-attestation-mode,5.0.0,active,,CompositionAttestationMode,Composition Attestation Mode,"The way in which a person authenticated a composition.","ValueSet/composition-attestation-mode"
http://hl7.org/fhir/composition-status,5.0.0,active,,CompositionStatus,Composition Status,"The workflow/clinical status of the composition.","ValueSet/composition-status"
http://hl7.org/fhir/days-of-week,5.0.0,active,,DaysOfWeek,Days Of Week,"The days of the week.","ValueSet/days-of-week"
http://hl7.org/fhir/device-nametype,5.0.0,active,,DeviceNameType,Device Name Type,"The type of name the device is referred by.","ValueSet/device-nametype"
http://hl7.org/fhir/device-statement-status,4.0.1,draft,"2.16.840.1.113883.4.642.4.215",DeviceUseStatementStatus,DeviceUseStatementStatus,"A coded concept indicating the current status of the Device Usage.","ValueSet/device-statement-status"
http://hl7.org/fhir/device-status,5.0.0,active,,FHIRDeviceStatus,FHIR Device Status,"The status of the Device record.","ValueSet/device-status"
http://hl7.org/fhir/diagnostic-report-status,5.0.0,active,,DiagnosticReportStatus,Diagnostic Report Status,"The status of the diagnostic report.","ValueSet/diagnostics-report-status-uv-ips"
http://hl7.org/fhir/document-relationship-type,5.0.0,active,,DocumentRelationshipType,Document Relationship Type,"The type of relationship between documents.","ValueSet/document-relationship-type"
http://hl7.org/fhir/event-status,5.0.0,draft,,EventStatus,EventStatus,"Codes identifying the lifecycle stage of an event.","ValueSet/immunization-status,ValueSet/event-status"
http://hl7.org/fhir/flag-status,5.0.0,active,,FlagStatus,Flag Status,"Indicates whether this flag is active and needs to be displayed to a user, or whether it is no longer needed or was entered in error.","ValueSet/flag-status"
http://hl7.org/fhir/http-verb,5.0.0,active,,HTTPVerb,H T T P Verb,"HTTP verbs (in the HTTP command line). See [HTTP rfc](https://tools.ietf.org/html/rfc7231) for details.","ValueSet/http-verb"
http://hl7.org/fhir/link-type,5.0.0,active,,LinkType,Link Type,"The type of link between this Patient resource and other Patient/RelatedPerson resource(s).","ValueSet/link-type"
http://hl7.org/fhir/list-mode,5.0.0,active,,ListMode,List Mode,"The processing mode that applies to this list.","ValueSet/list-mode"
http://hl7.org/fhir/name-use,5.0.0,active,,NameUse,NameUse,"The use of a human name.","ValueSet/name-use"
http://hl7.org/fhir/observation-status,5.0.0,active,,ObservationStatus,Observation Status,"Codes providing the status of an observation.","ValueSet/observation-status"
http://hl7.org/fhir/reaction-event-severity,5.0.0,active,,AllergyIntoleranceSeverity,Allergy Intolerance Severity,"Clinical assessment of the severity of a reaction event as a whole, potentially considering multiple different manifestations.","ValueSet/reaction-event-severity"
http://hl7.org/fhir/request-priority,5.0.0,draft,,RequestPriority,RequestPriority,"Identifies the level of importance to be assigned to actioning the request.","ValueSet/request-priority"
http://hl7.org/fhir/resource-types,4.0.1,active,,ResourceType,ResourceType,"One of the resource types defined as part of this version of FHIR.","ValueSet/resource-types"
http://hl7.org/fhir/search-entry-mode,5.0.0,active,,SearchEntryMode,Search Entry Mode,"Why an entry is in the result set - whether it's included as a match or because of an _include requirement, or to convey information or warning information about the search process.","ValueSet/search-entry-mode"
http://hl7.org/fhir/udi-entry-type,5.0.0,active,,UDIEntryType,UDI Entry Type,"Codes to identify how UDI data was entered.","ValueSet/udi-entry-type"
http://loinc.org,3.1.0,active,"2.16.840.1.113883.6.1",LOINC,Logical Observation Identifiers, Names and Codes (LOINC),"LOINC provides a set of universal names and ID codes for identifying laboratory and clinical test results.1,2 LOINC facilitates the exchange and pooling of results, such as blood hemoglobin, serum potassium, or vital signs, for clinical care, outcomes management, and research. LOINC's universal identifiers (names and codes) can be used in the context of order and observation exchanges between information systems that use syntax standards such as HL73, CEN TC251, ISO TC215, ASTM4, and DICOM. Specifically, the identifier can be used as the coded value for an observation in any other standard that uses the observation/observation value paradigm, whether messages, documents, application programming interface (API), etc. For example, LOINC codes are used widely in the OBX segment Observation Identifier field (OBX-3) of an ORU HL7 (HL7 version 2.x or ASTM 1238-9410) message that may be sent between a Clinical Laboratory Information Management Systems (LIMS) and Electronic Health Record Systems (EHR).5, 6 In this way, LOINC codes provide universal identifiers that allow the exchange of clinical data between heterogeneous computing environments.","ValueSet/gestational-age-loinc,ValueSet/pregnancies-summary-uv-ips,ValueSet/problem-type-loinc,ValueSet/report-codes,ValueSet/edd-method-uv-ips,ValueSet/observation-codes,ValueSet/document-classcodes,ValueSet/doc-typecodes,ValueSet/doc-section-codes"
http://snomed.info/sct,null,active,"2.16.840.1.113883.6.96",SNOMED_CT,SNOMED CT (all versions),"SNOMED CT is the most comprehensive and precise clinical health terminology product in the world, owned and distributed around the world by The International Health Terminology Standards Development Organisation (IHTSDO).","ValueSet/procedures-uv-ips,ValueSet/clinical-findings,ValueSet/condition-stage,ValueSet/additional-instruction-codes,ValueSet/approach-site-codes,ValueSet/medicine-active-substances-uv-ips,ValueSet/procedure-followup,ValueSet/medical-devices-uv-ips,ValueSet/device-action,ValueSet/medication-form-codes,ValueSet/body-site,ValueSet/vaccines-uv-ips,ValueSet/manifestation-or-symptom,ValueSet/medication-as-needed-reason,ValueSet/reason-medication-status-codes,ValueSet/device-kind,ValueSet/performer-role,ValueSet/immunization-reason,ValueSet/referencerange-appliesto,ValueSet/c80-practice-codes,ValueSet/route-codes,ValueSet/substance-code,ValueSet/problems-uv-ips,ValueSet/procedure-reason,ValueSet/procedure-outcome,ValueSet/procedure-category,ValueSet/allergy-reaction-uv-ips,ValueSet/allergies-intolerances-uv-ips,ValueSet/condition-code,ValueSet/condition-stage-type,ValueSet/procedure-not-performed-reason,ValueSet/immunization-status-reason,ValueSet/observation-methods,ValueSet/flag-code,ValueSet/pregnancy-status-uv-ips,ValueSet/administration-method-codes,ValueSet/target-diseases-uv-ips,ValueSet/medication-uv-ips,ValueSet/condition-severity"
http://terminology.hl7.org/CodeSystem/allergyintolerance-clinical,1.0.1,active,"2.16.840.1.113883.4.642.1.1373",AllergyIntoleranceClinicalStatusCodes,AllergyIntolerance Clinical Status Codes,"Preferred value set for AllergyIntolerance Clinical Status.","ValueSet/allergyintolerance-clinical"
http://terminology.hl7.org/CodeSystem/allergyintolerance-verification,1.0.1,active,"2.16.840.1.113883.4.642.1.1371",AllergyIntoleranceVerificationStatus,AllergyIntolerance Verification Status,"The verification status to support or decline the clinical status of the allergy or intolerance.","ValueSet/allergyintolerance-verification"
http://terminology.hl7.org/CodeSystem/common-tags,1.0.1,active,"2.16.840.1.113883.4.642.1.1067",CommonTags,Common Tags,"Common Tag Codes defined by FHIR project","ValueSet/common-tags"
http://terminology.hl7.org/CodeSystem/condition-category,2.0.0,active,"2.16.840.1.113883.4.642.1.1073",ConditionCategoryCodes,Condition Category Codes,"Preferred value set for Condition Categories.","ValueSet/problem-type-uv-ips"
http://terminology.hl7.org/CodeSystem/condition-clinical,3.0.0,active,"2.16.840.1.113883.4.642.1.1074",ConditionClinicalStatusCodes,Condition Clinical Status Codes,"Preferred value set for Condition Clinical Status.","ValueSet/condition-clinical"
http://terminology.hl7.org/CodeSystem/condition-ver-status,2.0.1,active,"2.16.840.1.113883.4.642.1.1075",ConditionVerificationStatus,ConditionVerificationStatus,"The verification status to support or decline the clinical status of the condition or diagnosis.","ValueSet/condition-ver-status"
http://terminology.hl7.org/CodeSystem/contactentity-type,2.0.0,active,"2.16.840.1.113883.4.642.1.1129",ContactEntityType,Contact entity type,"This example value set defines a set of codes that can be used to indicate the purpose for which you would contact a contact party.","ValueSet/contactentity-type"
http://terminology.hl7.org/CodeSystem/data-absent-reason,1.0.0,active,"2.16.840.1.113883.4.642.4.1048",DataAbsentReason,DataAbsentReason,"Used to specify why the normally expected content of the data element is missing.","ValueSet/data-absent-reason"
http://terminology.hl7.org/CodeSystem/device-status-reason,2.0.0,active,"2.16.840.1.113883.4.642.1.1082",FHIRDeviceStatusReason,FHIRDeviceStatusReason,"The availability status reason of the device.","ValueSet/device-status-reason"
http://terminology.hl7.org/CodeSystem/dose-rate-type,2.0.0,active,"2.16.840.1.113883.4.642.1.1069",DoseAndRateType,DoseAndRateType,"The kind of dose or rate specified.","ValueSet/dose-rate-type"
http://terminology.hl7.org/CodeSystem/flag-category,1.0.1,active,"2.16.840.1.113883.4.642.1.1071",FlagCategory,Flag Category,"Example list of general categories for flagged issues. (Not complete or necessarily appropriate.)","ValueSet/flag-category"
http://terminology.hl7.org/CodeSystem/immunization-funding-source,1.0.1,active,"2.16.840.1.113883.4.642.1.1100",ImmunizationFundingSource,Immunization Funding Source,"The value set to instantiate this attribute should be drawn from a terminologically robust code system that consists of or contains concepts to support describing the source of the vaccine administered. This value set is provided as a suggestive example.","ValueSet/immunization-funding-source"
http://terminology.hl7.org/CodeSystem/immunization-origin,1.0.1,active,"2.16.840.1.113883.4.642.1.1101",ImmunizationOriginCodes,Immunization Origin Codes,"The value set to instantiate this attribute should be drawn from a terminologically robust code system that consists of or contains concepts to support describing the source of the data when the report of the immunization event is not based on information from the person, entity or organization who administered the vaccine. This value set is provided as a suggestive example.","ValueSet/immunization-origin"
http://terminology.hl7.org/CodeSystem/immunization-program-eligibility,1.0.1,active,"2.16.840.1.113883.4.642.1.1099",ImmunizationProgramEligibility,Immunization Program Eligibility,"The value set to instantiate this attribute should be drawn from a terminologically robust code system that consists of or contains concepts to support describing the patient's eligibility for a vaccination program. This value set is provided as a suggestive example.","ValueSet/immunization-program-eligibility"
http://terminology.hl7.org/CodeSystem/immunization-subpotent-reason,1.0.1,active,"2.16.840.1.113883.4.642.1.1098",ImmunizationSubpotentReason,Immunization Subpotent Reason,"The value set to instantiate this attribute should be drawn from a terminologically robust code system that consists of or contains concepts to support describing the reason why a dose is considered to be subpotent. This value set is provided as a suggestive example.","ValueSet/immunization-subpotent-reason"
http://terminology.hl7.org/CodeSystem/list-empty-reason,1.0.1,active,"2.16.840.1.113883.4.642.1.1106",ListEmptyReasons,List Empty Reasons,"General reasons for a list to be empty. Reasons are either related to a summary list (i.e. problem or medication list) or to a workflow related list (i.e. consultation list).","ValueSet/list-empty-reason"
http://terminology.hl7.org/CodeSystem/list-order,2.0.0,active,"2.16.840.1.113883.4.642.1.1107",ListOrderCodes,List Order Codes,"Base values for the order of item lists in resources.","ValueSet/list-order"
http://terminology.hl7.org/CodeSystem/medication-statement-category,4.0.1,draft,"2.16.840.1.113883.4.642.4.1120",Medication usage category codes,Medication usage category codes,"Medication Status Codes","ValueSet/medication-statement-category"
http://terminology.hl7.org/CodeSystem/medicationrequest-category,2.0.0,active,"2.16.840.1.113883.4.642.1.1323",MedicationRequestCategoryCodes,MedicationRequest Category Codes,"MedicationRequest Category Codes","ValueSet/medicationrequest-category"
http://terminology.hl7.org/CodeSystem/medicationrequest-course-of-therapy,1.0.1,active,"2.16.840.1.113883.4.642.1.1327",MedicationRequestCourseOfTherapyCodes,MedicationRequest Course of Therapy Codes,"MedicationRequest Course of Therapy Codes","ValueSet/medicationrequest-course-of-therapy"
http://terminology.hl7.org/CodeSystem/medicationrequest-status-reason,1.0.1,active,"2.16.840.1.113883.4.642.1.1325",MedicationRequestStatusReasonCodes,MedicationRequest Status Reason Codes,"MedicationRequest Status Reason Codes","ValueSet/medicationrequest-status-reason"
http://terminology.hl7.org/CodeSystem/observation-category,2.0.0,active,"2.16.840.1.113883.4.642.1.1125",ObservationCategoryCodes,Observation Category Codes,"Observation Category codes.","ValueSet/observation-category"
http://terminology.hl7.org/CodeSystem/organization-type,2.0.1,active,"2.16.840.1.113883.4.642.1.1128",OrganizationType,Organization type,"This example value set defines a set of codes that can be used to indicate a type of organization.","ValueSet/organization-type"
http://terminology.hl7.org/CodeSystem/referencerange-meaning,1.0.1,active,"2.16.840.1.113883.4.642.1.1124",ObservationReferenceRangeMeaningCodes,Observation Reference Range Meaning Codes,"This value set defines a set of codes that can be used to indicate the meaning/use of a reference range for a particular target population.","ValueSet/referencerange-meaning"
http://terminology.hl7.org/CodeSystem/v2-0074,3.0.0,active,"2.16.840.1.113883.18.29",DiagnosticServiceSectionId,diagnosticServiceSectionId,"HL7-defined code system of concepts which specify a section of a diagnostic service where the observation may be performed.  Used in HL7 Version 2.x messaging in the OBR and OM4 segments.","ValueSet/diagnostic-service-sections"
http://terminology.hl7.org/CodeSystem/v2-0131,3.0.0,active,"2.16.840.1.113883.18.58",ContactRole2,contactRole2,"Code system of concepts which specify a relationship role that the next of kin/associated parties plays with regard to the patient. Also used in referrals, for example, it may be necessary to identify the contact representative at the clinic that sent a referral. Used in HL7 Version 2 messaging in the NK1 and CTD segments after 2.5, when it replace 2.16.840.1.113883.18.57.","ValueSet/patient-contactrelationship"
http://terminology.hl7.org/CodeSystem/v2-0443,3.0.0,active,"2.16.840.1.113883.18.283",ProviderRole,providerRole,"Code system of concepts specifying the functional involvement with the activity being transmitted (e.g., Case Manager, Evaluator, Transcriber, Nurse Care Practitioner, Midwife, Physician Assistant, etc.).  Used in HL7 Version 2.x messaging in the ROL segment.","ValueSet/immunization-function"
http://terminology.hl7.org/CodeSystem/v3-ActCode,10.0.0,active,"2.16.840.1.113883.5.4",ActCode,ActCode,"A code specifying the particular kind of Act that the Act-instance represents within its class.    *Constraints:* The kind of Act (e.g. physical examination, serum potassium, inpatient encounter, charge financial transaction, etc.) is specified with a code from one of several, typically external, coding systems. The coding system will depend on the class of Act, such as LOINC for observations, etc.    Conceptually, the Act.code must be a specialization of the Act.classCode. This is why the structure of ActClass domain should be reflected in the superstructure of the ActCode domain and then individual codes or externally referenced vocabularies subordinated under these domains that reflect the ActClass structure.    Act.classCode and Act.code are not modifiers of each other but the Act.code concept should really imply the Act.classCode concept. For a negative example, it is not appropriate to use an Act.code ""potassium"" together with and Act.classCode for ""laboratory observation"" to somehow mean ""potassium laboratory observation"" and then use the same Act.code for ""potassium"" together with Act.classCode for ""medication"" to mean ""substitution of potassium"". This mutually modifying use of Act.code and Act.classCode is not permitted.","ValueSet/v3-ActCode"
http://terminology.hl7.org/CodeSystem/v3-ActReason,4.0.0,active,"2.16.840.1.113883.5.8",ActReason,ActReason,"A set of codes specifying the motivation, cause, or rationale of an Act, when such rationale is not reasonably represented as an ActRelationship of type ""has reason"" linking to another Act.    *Examples:* Example reasons that might qualify for being coded in this field might be: ""routine requirement"", ""infectious disease reporting requirement"", ""on patient request"", ""required by law"".","ValueSet/immunization-status-reason,ValueSet/v3-SubstanceAdminSubstitutionReason"
http://terminology.hl7.org/CodeSystem/v3-Confidentiality,4.0.0,active,"2.16.840.1.113883.5.25",Confidentiality,Confidentiality,"A set of codes specifying the security classification of acts and roles in accordance with the definition for concept domain ""Confidentiality"".","ValueSet/v3-ConfidentialityClassification"
http://terminology.hl7.org/CodeSystem/v3-MaritalStatus,4.0.0,active,"2.16.840.1.113883.5.2",MaritalStatus,MaritalStatus,"\* \* \* No description supplied \* \* \*    *Open Issue:* The specific meanings of these codes can vary somewhat by jurisdiction and implementation so caution should be used when determining equivalency.    *Open Issue:* fixing and completion of the hierarchy and proper good definitions of all the concepts is badly needed.","ValueSet/marital-status"
http://terminology.hl7.org/CodeSystem/v3-NullFlavor,4.0.0,active,"2.16.840.1.113883.5.1008",NullFlavor,NullFlavor,"A collection of codes specifying why a valid value is not present.","ValueSet/marital-status"
http://terminology.hl7.org/CodeSystem/v3-ObservationInterpretation,4.0.0,active,"2.16.840.1.113883.5.83",ObservationInterpretation,ObservationInterpretation,"One or more codes providing a rough qualitative interpretation of the observation, such as ""normal"" / ""abnormal"", ""low"" / ""high"", ""better"" / ""worse"", ""resistant"" / ""susceptible"", ""expected"" / ""not expected"". The value set is intended to be for ANY use where coded representation of an interpretation is needed.","ValueSet/observation-interpretation"
http://terminology.hl7.org/CodeSystem/v3-substanceAdminSubstitution,4.0.0,active,"2.16.840.1.113883.5.1070",SubstanceAdminSubstitution,Substance Admin Substitution,"Identifies what sort of change is permitted or has occurred between the therapy that was ordered and the therapy that was/will be provided.","ValueSet/v3-ActSubstanceAdminSubstitutionCode"
http://www.whocc.no/atc,2.0.1,active,"2.16.840.1.113883.6.73",WC,WHO ATC,"WHO ATC","ValueSet/vaccines-whoatc-uv-ips,ValueSet/whoatc-uv-ips"
urn:ietf:bcp:47,2.0.1,active,,Ietf3066,Tags for the Identification of Languages,"Older value from OID registry.  Superceded; see recommendations in BCP-47.","ValueSet/languages"
